id,image_url,user_id,created_at
1,http://elijah.biz,1,04/07/2024 20:00
2,https://shanon.org,1,06/07/2024 15:00
3,http://vicky.biz,1,04/07/2024 22:00
4,http://oleta.net,1,05/07/2024 11:00
5,https://jennings.biz,1,05/07/2024 04:00
6,https://quinn.biz,2,04/07/2024 21:00
7,https://selina.name,2,05/07/2024 01:00
8,http://malvina.org,2,03/07/2024 22:00
9,https://branson.biz,2,05/07/2024 17:00
10,https://elenor.name,3,02/07/2024 23:00
11,https://marcelino.com,3,04/07/2024 17:00
12,http://felicity.name,3,06/07/2024 10:00
13,https://fred.com,3,05/07/2024 12:00
14,https://gerhard.biz,4,04/07/2024 23:00
15,https://sherwood.net,4,04/07/2024 06:00
16,https://maudie.org,4,05/07/2024 13:00
17,http://annamae.name,6,04/07/2024 08:00
18,https://mac.org,6,06/07/2024 22:00
19,http://miracle.info,6,03/07/2024 07:00
20,http://emmet.com,6,03/07/2024 17:00
21,https://lisa.com,6,05/07/2024 15:00
22,https://brooklyn.name,8,02/07/2024 12:00
23,http://madison.net,8,03/07/2024 23:00
24,http://annie.name,8,04/07/2024 22:00
25,http://darron.info,8,04/07/2024 13:00
26,http://saige.com,9,04/07/2024 01:00
27,https://reece.net,9,04/07/2024 09:00
28,http://vance.org,9,03/07/2024 17:00
29,http://ignacio.net,9,04/07/2024 06:00
30,http://kenny.com,10,04/07/2024 19:00
31,http://remington.name,10,04/07/2024 02:00
32,http://kurtis.info,10,04/07/2024 06:00
33,https://alisha.com,11,05/07/2024 09:00
34,https://henderson.com,11,05/07/2024 04:00
35,http://bonnie.info,11,03/07/2024 04:00
36,http://kennith.net,11,03/07/2024 06:00
37,http://camille.name,11,04/07/2024 03:00
38,http://alena.net,12,05/07/2024 00:00
39,http://ralph.name,12,03/07/2024 23:00
40,https://tyshawn.com,12,04/07/2024 17:00
41,https://adella.net,12,05/07/2024 21:00
42,https://cielo.info,13,05/07/2024 16:00
43,https://easter.net,13,03/07/2024 10:00
44,http://golden.org,13,05/07/2024 11:00
45,http://kendall.biz,13,03/07/2024 15:00
46,https://glenda.info,13,04/07/2024 12:00
47,http://dominic.biz,15,03/07/2024 17:00
48,http://tressie.info,15,03/07/2024 21:00
49,http://estevan.org,15,04/07/2024 15:00
50,http://zena.com,15,04/07/2024 05:00
51,https://abagail.com,16,03/07/2024 23:00
52,https://hershel.com,16,04/07/2024 18:00
53,http://collin.com,16,04/07/2024 15:00
54,https://clair.com,16,05/07/2024 12:00
55,https://deondre.com,17,05/07/2024 15:00
56,http://tristin.name,17,04/07/2024 06:00
57,http://kirk.org,17,02/07/2024 11:00
58,https://modesta.info,18,03/07/2024 17:00
59,http://rylan.biz,19,02/07/2024 06:00
60,https://noemie.com,19,01/07/2024 05:00
61,https://dejon.name,20,03/07/2024 09:00
62,https://rigoberto.net,22,04/07/2024 16:00
63,http://megane.biz,23,04/07/2024 23:00
64,http://emmalee.org,23,04/07/2024 17:00
65,http://nathan.net,23,05/07/2024 13:00
66,http://lionel.net,23,04/07/2024 02:00
67,http://danyka.net,23,06/07/2024 08:00
68,https://woodrow.com,23,03/07/2024 10:00
69,http://harvey.info,23,04/07/2024 11:00
70,http://aiden.org,23,03/07/2024 16:00
71,https://tito.name,23,04/07/2024 19:00
72,https://julian.net,23,03/07/2024 13:00
73,https://mafalda.org,23,05/07/2024 02:00
74,http://verner.org,23,07/07/2024 22:00
75,https://elmore.org,26,04/07/2024 23:00
76,http://kasandra.com,26,04/07/2024 23:00
77,https://jarret.info,26,04/07/2024 01:00
78,http://einar.net,26,04/07/2024 02:00
79,http://terry.info,26,03/07/2024 18:00
80,https://holden.com,27,04/07/2024 11:00
81,https://jacinto.org,28,03/07/2024 22:00
82,https://geoffrey.info,28,02/07/2024 16:00
83,http://paxton.com,28,06/07/2024 15:00
84,https://trinity.biz,28,02/07/2024 16:00
85,http://fabiola.org,29,05/07/2024 06:00
86,https://bryce.org,29,04/07/2024 18:00
87,http://emery.net,29,04/07/2024 12:00
88,https://marian.biz,29,04/07/2024 18:00
89,https://kennedi.org,29,04/07/2024 04:00
90,https://fanny.net,29,03/07/2024 22:00
91,http://lottie.net,29,04/07/2024 08:00
92,http://lacy.biz,29,05/07/2024 12:00
93,https://jensen.name,30,05/07/2024 04:00
94,http://virginia.org,30,03/07/2024 11:00
95,https://ariel.net,31,04/07/2024 12:00
96,http://roger.info,32,04/07/2024 05:00
97,https://carolanne.com,32,03/07/2024 21:00
98,https://margarita.info,32,05/07/2024 03:00
99,https://kayden.biz,32,04/07/2024 22:00
100,https://brook.com,33,04/07/2024 09:00
101,https://gust.net,33,04/07/2024 00:00
102,http://bridie.name,33,04/07/2024 20:00
103,http://barton.name,33,05/07/2024 14:00
104,https://karina.biz,33,05/07/2024 11:00
105,https://mariam.com,35,04/07/2024 14:00
106,https://trycia.com,35,05/07/2024 19:00
107,https://everette.biz,37,04/07/2024 10:00
108,http://boris.biz,38,04/07/2024 17:00
109,http://arthur.name,38,06/07/2024 06:00
110,https://cesar.com,39,05/07/2024 01:00
111,http://charlie.com,40,03/07/2024 08:00
112,https://lina.biz,42,03/07/2024 05:00
113,https://darwin.net,42,05/07/2024 16:00
114,https://aliyah.biz,42,05/07/2024 14:00
115,http://euna.info,43,04/07/2024 13:00
116,https://maymie.net,43,03/07/2024 02:00
117,http://joanie.name,43,04/07/2024 15:00
118,http://whitney.net,43,05/07/2024 04:00
119,http://garrison.name,43,04/07/2024 19:00
120,https://olga.org,44,03/07/2024 19:00
121,https://donavon.org,44,04/07/2024 18:00
122,http://moses.biz,44,05/07/2024 15:00
123,http://shannon.org,44,03/07/2024 07:00
124,http://kendrick.net,46,03/07/2024 16:00
125,https://carey.com,46,03/07/2024 13:00
126,http://lia.biz,46,05/07/2024 03:00
127,https://celestine.name,46,03/07/2024 17:00
128,http://laila.info,47,04/07/2024 06:00
129,http://buddy.com,47,06/07/2024 06:00
130,http://americo.biz,47,02/07/2024 04:00
131,http://lurline.info,47,07/07/2024 17:00
132,http://kailee.org,47,03/07/2024 14:00
133,https://edyth.com,48,03/07/2024 06:00
134,https://isaias.biz,50,05/07/2024 20:00
135,http://rosetta.net,50,04/07/2024 09:00
136,https://marianna.info,50,03/07/2024 07:00
137,https://roel.org,51,05/07/2024 19:00
138,http://julia.info,51,06/07/2024 03:00
139,https://seamus.org,51,04/07/2024 22:00
140,https://earline.info,51,05/07/2024 00:00
141,http://quinten.info,51,05/07/2024 12:00
142,https://dolores.org,52,06/07/2024 06:00
143,https://aimee.info,52,02/07/2024 23:00
144,https://roderick.name,52,02/07/2024 23:00
145,https://jarret.name,52,05/07/2024 02:00
146,https://cathrine.com,52,03/07/2024 19:00
147,https://adela.com,55,03/07/2024 05:00
148,https://demarco.com,56,05/07/2024 05:00
149,https://lila.biz,58,04/07/2024 13:00
150,http://ruben.net,58,04/07/2024 17:00
151,https://alia.name,58,07/07/2024 10:00
152,http://rickey.name,58,05/07/2024 07:00
153,http://janie.com,58,03/07/2024 16:00
154,http://myron.org,58,01/07/2024 23:00
155,http://pearl.info,58,02/07/2024 17:00
156,http://victoria.biz,58,04/07/2024 07:00
157,https://carmella.com,59,01/07/2024 23:00
158,http://leo.com,59,05/07/2024 01:00
159,http://jedediah.net,59,04/07/2024 07:00
160,http://sedrick.net,59,04/07/2024 01:00
161,https://clare.org,59,06/07/2024 12:00
162,https://malcolm.name,59,06/07/2024 08:00
163,https://lesly.com,59,05/07/2024 02:00
164,https://roberta.net,59,02/07/2024 04:00
165,https://estell.info,59,04/07/2024 20:00
166,http://kaleigh.biz,59,06/07/2024 11:00
167,http://blanca.org,60,04/07/2024 21:00
168,http://delpha.com,60,06/07/2024 23:00
169,http://annabelle.org,61,06/07/2024 06:00
170,http://ephraim.com,62,04/07/2024 21:00
171,https://dameon.name,62,03/07/2024 20:00
172,https://julianne.org,63,04/07/2024 20:00
173,https://jasmin.biz,63,04/07/2024 10:00
174,https://delbert.net,63,04/07/2024 09:00
175,https://norval.com,63,04/07/2024 08:00
176,https://jessy.name,64,02/07/2024 18:00
177,https://nolan.name,64,05/07/2024 15:00
178,http://devon.info,64,05/07/2024 08:00
179,http://ora.net,64,04/07/2024 13:00
180,https://vivien.com,64,04/07/2024 17:00
181,https://hilda.info,65,03/07/2024 20:00
182,https://dorcas.biz,65,03/07/2024 16:00
183,http://hettie.net,65,03/07/2024 02:00
184,http://rico.biz,65,03/07/2024 07:00
185,http://jody.biz,65,04/07/2024 03:00
186,http://sheila.com,67,03/07/2024 21:00
187,http://germaine.name,67,05/07/2024 00:00
188,https://mariane.org,67,03/07/2024 03:00
189,http://reva.com,69,02/07/2024 22:00
190,https://llewellyn.info,70,03/07/2024 08:00
191,http://ellen.info,72,03/07/2024 20:00
192,https://anahi.info,72,03/07/2024 18:00
193,https://javonte.org,72,01/07/2024 17:00
194,http://florine.org,72,04/07/2024 02:00
195,http://marcellus.info,72,04/07/2024 10:00
196,http://stan.biz,73,05/07/2024 07:00
197,http://jarred.net,77,02/07/2024 07:00
198,http://jovanny.net,77,06/07/2024 13:00
199,http://linnie.com,77,03/07/2024 12:00
200,http://dino.name,77,05/07/2024 14:00
201,https://jane.net,77,05/07/2024 11:00
202,http://laney.name,77,03/07/2024 02:00
203,http://trever.org,78,05/07/2024 16:00
204,http://emilie.net,78,04/07/2024 13:00
205,http://ted.info,78,03/07/2024 15:00
206,http://keshawn.org,78,03/07/2024 15:00
207,http://ole.info,78,04/07/2024 12:00
208,https://ford.biz,79,04/07/2024 05:00
209,https://humberto.org,82,03/07/2024 06:00
210,http://penelope.info,82,05/07/2024 00:00
211,https://dimitri.info,84,03/07/2024 15:00
212,http://cynthia.info,84,04/07/2024 17:00
213,http://princess.org,85,04/07/2024 10:00
214,https://ruthie.info,85,02/07/2024 20:00
215,https://evan.name,86,02/07/2024 23:00
216,http://deontae.org,86,04/07/2024 06:00
217,https://timmy.info,86,03/07/2024 15:00
218,http://susie.info,86,02/07/2024 21:00
219,http://hollis.com,86,03/07/2024 17:00
220,https://colt.org,86,03/07/2024 12:00
221,http://lucio.org,86,04/07/2024 22:00
222,http://germaine.org,86,06/07/2024 06:00
223,http://howard.net,86,03/07/2024 00:00
224,http://helena.name,87,06/07/2024 06:00
225,https://celestino.name,87,02/07/2024 06:00
226,http://violet.info,87,06/07/2024 01:00
227,http://nigel.biz,87,02/07/2024 01:00
228,https://noble.net,88,04/07/2024 04:00
229,https://emilia.org,88,05/07/2024 02:00
230,http://destini.net,88,05/07/2024 15:00
231,https://mariano.net,88,04/07/2024 17:00
232,https://brittany.org,88,03/07/2024 10:00
233,https://madaline.name,88,05/07/2024 22:00
234,https://devonte.name,88,05/07/2024 06:00
235,https://blanche.net,88,04/07/2024 04:00
236,http://cali.net,88,02/07/2024 17:00
237,http://mekhi.name,88,04/07/2024 22:00
238,http://adela.com,88,04/07/2024 07:00
239,https://devan.com,92,04/07/2024 15:00
240,https://jarrett.name,92,07/07/2024 02:00
241,https://sid.biz,92,03/07/2024 23:00
242,https://jadyn.name,93,05/07/2024 08:00
243,https://erik.com,93,04/07/2024 03:00
244,http://freeda.biz,94,04/07/2024 20:00
245,http://ayden.name,95,04/07/2024 20:00
246,https://kathleen.biz,95,07/07/2024 12:00
247,https://helmer.org,96,05/07/2024 22:00
248,https://maggie.info,96,03/07/2024 10:00
249,https://cecilia.net,96,07/07/2024 01:00
250,http://ayla.org,97,04/07/2024 13:00
251,https://elyssa.biz,97,03/07/2024 06:00
252,http://jennie.com,98,04/07/2024 14:00
253,http://ryleigh.info,99,05/07/2024 07:00
254,https://darien.name,99,02/07/2024 20:00
255,https://xzavier.org,99,05/07/2024 01:00
256,https://kaela.name,100,05/07/2024 09:00
257,http://dedrick.info,100,02/07/2024 16:00
